-- create database of cabbooking
create database Cab_booking; 

-- Customers Table
CREATE TABLE Customers ( 
    CustomerID INT PRIMARY KEY, 
    Name VARCHAR(100), 
    Email VARCHAR(100), 
    RegistrationDate DATE); 

-- Drivers Table
CREATE TABLE Drivers ( 
    DriverID INT PRIMARY KEY, 
    Name VARCHAR(100), 
    JoinDate DATE 
); 

-- cabs table
Create table cabs (Cabid int primary key,
DriverID int,
Vehicletype varchar(50),
platenumber varchar(20),
Foreign key (DriverID)references Drivers(DriverID));

-- Bookings Table 
CREATE TABLE Bookings ( 
    BookingID INT PRIMARY KEY, 
    CustomerID INT, 
    CabID INT, 
    BookingDate DATETIME, 
    Status VARCHAR(20), 
    PickupLocation VARCHAR(100), 
    DropoffLocation VARCHAR(100), 
    FOREIGN KEY (CustomerID) REFERENCES Customers(CustomerID), 
    FOREIGN KEY (CabID) REFERENCES Cabs(CabID) 
);

-- TripDetails Table 
CREATE TABLE TripDetails ( 
    TripID INT PRIMARY KEY, 
    BookingID INT, 
    StartTime DATETIME, 
    EndTime DATETIME, 
    DistanceKM FLOAT, 
    Fare FLOAT, 
    FOREIGN KEY (BookingID) REFERENCES Bookings(BookingID) 
);

-- Feedback Table 
CREATE TABLE Feedback ( 
    FeedbackID INT PRIMARY KEY, 
    BookingID INT, 
    Rating FLOAT, 
    Comments TEXT, 
    FeedbackDate DATE, 
    FOREIGN KEY (BookingID) REFERENCES Bookings(BookingID) 
); 

-- Insert Customers: 
INSERT INTO Customers (CustomerID, Name, Email, RegistrationDate) VALUES 
(1, 'Alice Johnson', 'alice@example.com', '2023-01-15'), 
(2, 'Bob Smith', 'bob@example.com', '2023-02-20'), 
(3, 'Charlie Brown', 'charlie@example.com', '2023-03-05'), 
(4, 'Diana Prince', 'diana@example.com', '2023-04-10'); 

-- Insert Drivers: 
 INSERT INTO Drivers (DriverID, Name, JoinDate) VALUES 
(101, 'John Driver', '2022-05-10'), 
(102, 'Linda Miles', '2022-07-25'), 
(103, 'Kevin Road', '2023-01-01'), 
(104, 'Sandra Swift', '2022-11-11');

-- Insert Cabs: 
 INSERT INTO Cabs (CabID, DriverID, VehicleType, PlateNumber) VALUES 
(1001, 101, 'Sedan', 'ABC1234'), 
(1002, 102, 'SUV', 'XYZ5678'), 
(1003, 103, 'Sedan', 'LMN8901'), 
(1004, 104, 'SUV', 'PQR3456');

-- Insert Bookings: 
INSERT INTO Bookings (BookingID, CustomerID, CabID, BookingDate, 
Status, PickupLocation, DropoffLocation) VALUES 
(201, 1, 1001, '2024-10-01 08:30:00', 'Completed', 'Downtown', 
'Airport'), 
(202, 2, 1002, '2024-10-02 09:00:00', 'Completed', 'Mall', 
'University'), 
(203, 3, 1003, '2024-10-03 10:15:00', 'Canceled', 'Station', 
'Downtown'), 
(204, 4, 1004, '2024-10-04 14:00:00', 'Completed', 'Suburbs', 
'Downtown'), 
(205, 1, 1002, '2024-10-05 18:45:00', 'Completed', 'Downtown', 
'Airport'), 
(206, 2, 1001, '2024-10-06 07:20:00', 'Canceled', 'University', 
'Mall');

-- Insert Trip Details: 
 INSERT INTO TripDetails (TripID, BookingID, StartTime, EndTime, 
DistanceKM, Fare) VALUES 
(301, 201, '2024-10-01 08:45:00', '2024-10-01 09:20:00', 18.5, 
250.00), 
(302, 202, '2024-10-02 09:10:00', '2024-10-02 09:40:00', 12.0, 
180.00), 
(303, 204, '2024-10-04 14:10:00', '2024-10-04 14:40:00', 10.0, 
150.00), 
(304, 205, '2024-10-05 18:50:00', '2024-10-05 19:30:00', 20.0, 
270.00); 
 
-- Insert Feedback: 
 INSERT INTO Feedback (FeedbackID, BookingID, Rating, Comments, 
FeedbackDate) VALUES 
(401, 201, 4.5, 'Smooth ride', '2024-10-01'), 
(402, 202, 3.0, 'Driver was late', '2024-10-02'), 
(403, 204, 5.0, 'Excellent service', '2024-10-04'), 
(404, 205, 2.5, 'Cab was not clean', '2024-10-05'); 

-- 1. Customer and Booking Analysis 
SELECT c.CustomerID, c.Name, COUNT(*) AS CompletedBookings 
FROM Customers c 
JOIN Bookings b ON c.CustomerID = b.CustomerID 
WHERE b.Status = 'Completed' 
GROUP BY c.CustomerID, c.Name 
ORDER BY CompletedBookings DESC;
-- Insight: Helps identify loyal, engaged customers who complete bookings regularly.Use the SQL questions listed above to analyze.

-- 2. Customers with More Than 30% Cancellations 
SELECT CustomerID,
       SUM(CASE WHEN Status = 'Canceled' THEN 1 ELSE 0 END) AS Cancelled,
       COUNT(*) AS Total,
       ROUND(100.0 * SUM(CASE WHEN Status = 'Canceled' THEN 1 ELSE 0 END) / COUNT(*), 2) AS CancellationRate
FROM Bookings
GROUP BY CustomerID
HAVING ROUND(100.0 * SUM(CASE WHEN Status = 'Canceled' THEN 1 ELSE 0 END) / COUNT(*), 2) > 30;
-- Insight: Identifies customers with a high cancellation rate. These might be users with erratic plans or bad app experience.

-- 3. Busiest Day of the Week 
 
SELECT DATE_FORMAT(BookingDate, "%W") AS DayOfWeek, COUNT(*) AS 
TotalBookings 
FROM Bookings 
GROUP BY DATE_FORMAT(BookingDate, "%W") 
ORDER BY TotalBookings DESC; 
 
-- Insight: Reveals demand trends for resource and marketing planning.

-- 4. Drivers with Average Rating < 3 in Last 3 Months 
SELECT d.DriverID, d.Name, AVG(f.Rating) AS AvgRating
FROM Drivers d
JOIN Cabs c ON d.DriverID = c.DriverID
JOIN Bookings b ON c.CabID = b.CabID
JOIN Feedback f ON b.BookingID = f.BookingID
WHERE f.Rating IS NOT NULL
AND f.FeedbackDate >= DATE_SUB(CURDATE(), INTERVAL 3 MONTH)
GROUP BY d.DriverID, d.Name
HAVING AVG(f.Rating) < 3;

-- 5. Top 5 Drivers by Total Distance Covered 
SELECT d.DriverID, d.Name, COUNT(b.BookingID) AS TotalTrips
FROM Drivers d
JOIN Cabs c ON d.DriverID = c.DriverID
JOIN Bookings b ON c.CabID = b.CabID
GROUP BY d.DriverID, d.Name
ORDER BY TotalTrips DESC
LIMIT 5;
-- Insight: Identify highly active drivers and reward them. 

-- 6. Drivers with High Cancellation Rate (>25%) 
SELECT d.DriverID, d.Name, 
       SUM(CASE WHEN b.Status = 'Canceled' THEN 1 ELSE 0 END) * 
100.0 / COUNT(*) AS CancellationRate 
FROM Drivers d 
JOIN Cabs c ON d.DriverID = c.DriverID 
JOIN Bookings b ON c.CabID = b.CabID 
GROUP BY d.DriverID, d.Name 
HAVING CancellationRate > 25; 
 
-- Insight: Recognize driver behavior issues early and improve service. 
-- 7. Monthly Revenue in the Last 6 Months 
SELECT MONTH(t.EndTime) AS Month,
       SUM(t.Fare) AS Revenue
FROM TripDetails t
JOIN Bookings b ON t.BookingID = b.BookingID
WHERE b.Status = 'Completed'
AND t.EndTime >= DATE_SUB(CURDATE(), INTERVAL 6 MONTH)
GROUP BY MONTH(t.EndTime)
ORDER BY Month;
 -- Insight: Observe monthly income trends for financial forecasting. 
 
-- 8. Top 3 Routes by Booking Volume 
 SELECT PickupLocation,
       DropoffLocation,
       COUNT(BookingID) AS TotalBookings
FROM Bookings
GROUP BY PickupLocation, DropoffLocation
ORDER BY TotalBookings DESC
LIMIT 3;

 
-- Insight: Popular routes help optimize pricing and fleet assignment. 
 
-- 9. Driver Ratings vs Earnings 
 
SELECT d.DriverID, AVG(f.Rating) AS AvgRating, COUNT(*) AS 
TotalTrips, SUM(t.Fare) AS TotalEarnings 
FROM Drivers d 
JOIN Cabs c ON d.DriverID = c.DriverID 
JOIN Bookings b ON c.CabID = b.CabID 
JOIN Feedback f ON b.BookingID = f.BookingID 
JOIN TripDetails t ON b.BookingID = t.BookingID 
GROUP BY d.DriverID 
ORDER BY AvgRating DESC; 
 
-- Insight: Analyze the relationship between earnings and customer satisfaction. 
 
-- 10. Average Wait Time Per Pickup Location 
 SELECT b.PickupLocation,
       AVG(TIMESTAMPDIFF(MINUTE, b.BookingDate, t.StartTime)) AS AvgWaitTimeMins
FROM Bookings b
JOIN TripDetails t ON b.BookingID = t.BookingID
WHERE b.Status = 'Completed'
GROUP BY b.PickupLocation
ORDER BY AvgWaitTimeMins DESC;
 
-- Insight: Identify bottlenecks and long wait times by location.